code,system
G3...13,readv2
G3z..00,readv2
G34yz00,readv2
G31y200,readv2
Gyu3.00,readv2
G3...00,readv2
G34y100,readv2
G31y300,readv2
G34y.00,readv2
G34..00,readv2
14AL.00,readv2
G3y..00,readv2
G34z.00,readv2
8H2V.00,readv2
I259,readv2
6A2..00,readv2
8B3k.00,readv2
6A4..00,readv2
G31yz00,readv2
G31y.00,readv2
G31..00,readv2
G311011,readv2
G311000,readv2
Gyu3300,readv2
Gyu3200,readv2
I258,readv2
G343.00,readv2
I255,readv2
G340.12,readv2
G3...11,readv2
G340.00,readv2
G34z000,readv2
G344.00,readv2
I256,readv2
G3...12,readv2
I250,readv2
I251,readv2
15754,readv2
29421,readv2
24783,readv2
68401,readv2
34633,readv2
7320,readv2
52517,readv2
27977,readv2
20416,readv2
240,readv2
11648,readv2
1344,readv2
39693,readv2
27951,readv2
28138,readv2
23078,readv2
22383,readv2
35713,readv2
95550,readv2
10260,readv2
18889,readv2
5413,readv2
9413,readv2
18135,readv2
47637,readv2
55137,readv2
1792,readv2
21844,readv2
1676,readv2
61072,readv2
45476,readv2
I253,readv2
I254,readv2